solver,n,instance,seed,setupMinutes,bestKnown,gapPct,timeMs,medianMs,evaluated,optimal,exact,note
brute-force,4,0,20254101,54,54,0.000,0.061,0.076,24,true,true,
held-karp,4,0,20254101,54,54,0.000,0.031,0.033,,true,true,
held-karp-seq,4,0,20254101,54,54,0.000,0.033,0.044,32,true,true,
greedy+2opt,4,0,20254101,54,54,0.000,0.101,0.149,55,true,false,
brute-force,4,1,20254102,65,65,0.000,0.054,0.058,24,true,true,
held-karp,4,1,20254102,65,65,0.000,0.032,0.037,,true,true,
held-karp-seq,4,1,20254102,65,65,0.000,0.035,0.042,32,true,true,
greedy+2opt,4,1,20254102,68,65,4.615,0.063,0.072,37,false,false,
brute-force,4,2,20254103,41,41,0.000,0.045,0.053,24,true,true,
held-karp,4,2,20254103,41,41,0.000,0.030,0.033,,true,true,
held-karp-seq,4,2,20254103,41,41,0.000,0.033,0.035,32,true,true,
greedy+2opt,4,2,20254103,41,41,0.000,0.031,0.035,19,true,false,
brute-force,5,0,20255101,59,59,0.000,0.276,0.279,120,true,true,
held-karp,5,0,20255101,59,59,0.000,0.061,0.087,,true,true,
held-karp-seq,5,0,20255101,59,59,0.000,0.076,0.101,80,true,true,
greedy+2opt,5,0,20255101,59,59,0.000,0.057,0.074,31,true,false,
brute-force,5,1,20255102,38,38,0.000,0.244,0.257,120,true,true,
held-karp,5,1,20255102,38,38,0.000,0.038,0.040,,true,true,
held-karp-seq,5,1,20255102,38,38,0.000,0.078,0.089,80,true,true,
greedy+2opt,5,1,20255102,38,38,0.000,0.184,0.194,91,true,false,
brute-force,5,2,20255103,66,66,0.000,0.209,0.214,120,true,true,
held-karp,5,2,20255103,66,66,0.000,0.044,0.049,,true,true,
held-karp-seq,5,2,20255103,66,66,0.000,0.042,0.124,80,true,true,
greedy+2opt,5,2,20255103,73,66,10.606,0.131,0.141,61,false,false,
brute-force,6,0,20256101,49,49,0.000,1.220,1.546,720,true,true,
held-karp,6,0,20256101,49,49,0.000,0.098,0.109,,true,true,
held-karp-seq,6,0,20256101,49,49,0.000,0.034,0.045,192,true,true,
greedy+2opt,6,0,20256101,53,49,8.163,0.096,0.103,46,false,false,
brute-force,6,1,20256102,52,52,0.000,1.294,1.370,720,true,true,
held-karp,6,1,20256102,52,52,0.000,0.125,0.130,,true,true,
held-karp-seq,6,1,20256102,52,52,0.000,0.040,0.050,192,true,true,
greedy+2opt,6,1,20256102,67,52,28.846,0.194,0.212,91,false,false,
brute-force,6,2,20256103,54,54,0.000,1.234,1.391,720,true,true,
held-karp,6,2,20256103,54,54,0.000,0.111,0.118,,true,true,
held-karp-seq,6,2,20256103,54,54,0.000,0.035,0.038,192,true,true,
greedy+2opt,6,2,20256103,54,54,0.000,0.183,0.200,91,true,false,
brute-force,7,0,20257101,60,60,0.000,10.014,10.542,5040,true,true,
held-karp,7,0,20257101,60,60,0.000,0.309,0.423,,true,true,
held-karp-seq,7,0,20257101,60,60,0.000,0.111,0.138,448,true,true,
greedy+2opt,7,0,20257101,60,60,0.000,0.414,0.457,190,true,false,
brute-force,7,1,20257102,54,54,0.000,7.016,8.635,5040,true,true,
held-karp,7,1,20257102,54,54,0.000,0.189,0.262,,true,true,
held-karp-seq,7,1,20257102,54,54,0.000,0.065,0.105,448,true,true,
greedy+2opt,7,1,20257102,76,54,40.741,0.164,0.189,127,false,false,
brute-force,7,2,20257103,68,68,0.000,5.820,6.121,5040,true,true,
held-karp,7,2,20257103,68,68,0.000,0.196,0.319,,true,true,
held-karp-seq,7,2,20257103,68,68,0.000,0.063,0.102,448,true,true,
greedy+2opt,7,2,20257103,68,68,0.000,0.089,0.111,64,true,false,
brute-force,8,0,20258101,32,32,0.000,51.540,55.138,40320,true,true,
held-karp,8,0,20258101,32,32,0.000,0.468,0.616,,true,true,
held-karp-seq,8,0,20258101,32,32,0.000,0.145,0.166,1024,true,true,
greedy+2opt,8,0,20258101,42,32,31.250,0.124,0.151,85,false,false,
brute-force,8,1,20258102,43,43,0.000,51.133,51.730,40320,true,true,
held-karp,8,1,20258102,43,43,0.000,0.514,0.535,,true,true,
held-karp-seq,8,1,20258102,43,43,0.000,0.169,0.207,1024,true,true,
greedy+2opt,8,1,20258102,54,43,25.581,0.329,0.331,169,false,false,
brute-force,8,2,20258103,37,37,0.000,50.221,52.972,40320,true,true,
held-karp,8,2,20258103,37,37,0.000,0.480,0.525,,true,true,
held-karp-seq,8,2,20258103,37,37,0.000,0.129,0.161,1024,true,true,
greedy+2opt,8,2,20258103,42,37,13.514,0.467,0.730,337,false,false,
brute-force,9,0,20259101,34,34,0.000,490.894,490.894,362880,true,true,
held-karp,9,0,20259101,34,34,0.000,1.379,1.379,,true,true,
held-karp-seq,9,0,20259101,34,34,0.000,0.354,0.354,2304,true,true,
greedy+2opt,9,0,20259101,34,34,0.000,0.450,0.450,325,true,false,
brute-force,9,1,20259102,47,47,0.000,492.167,492.167,362880,true,true,
held-karp,9,1,20259102,47,47,0.000,1.310,1.310,,true,true,
held-karp-seq,9,1,20259102,47,47,0.000,0.409,0.409,2304,true,true,
greedy+2opt,9,1,20259102,57,47,21.277,0.275,0.275,217,false,false,
brute-force,9,2,20259103,45,45,0.000,485.911,485.911,362880,true,true,
held-karp,9,2,20259103,45,45,0.000,1.221,1.221,,true,true,
held-karp-seq,9,2,20259103,45,45,0.000,0.314,0.314,2304,true,true,
greedy+2opt,9,2,20259103,60,45,33.333,0.276,0.276,217,false,false,
brute-force,10,0,20260101,27,27,0.000,5329.322,5329.322,3628800,true,true,
held-karp,10,0,20260101,27,27,0.000,3.114,3.114,,true,true,
held-karp-seq,10,0,20260101,27,27,0.000,0.755,0.755,5120,true,true,
greedy+2opt,10,0,20260101,49,27,81.481,0.552,0.552,406,false,false,
brute-force,10,1,20260102,29,29,0.000,5352.991,5352.991,3628800,true,true,
held-karp,10,1,20260102,29,29,0.000,3.081,3.081,,true,true,
held-karp-seq,10,1,20260102,29,29,0.000,0.755,0.755,5120,true,true,
greedy+2opt,10,1,20260102,29,29,0.000,0.196,0.196,136,true,false,
brute-force,10,2,20260103,36,36,0.000,5380.456,5380.456,3628800,true,true,
held-karp,10,2,20260103,36,36,0.000,2.977,2.977,,true,true,
held-karp-seq,10,2,20260103,36,36,0.000,0.750,0.750,5120,true,true,
greedy+2opt,10,2,20260103,52,36,44.444,0.489,0.489,271,false,false,
brute-force,11,0,20261101,,32,,,,,false,true,gave up: Brute force needs 11! permutations (11 families); the limit is 10.
held-karp,11,0,20261101,32,32,0.000,7.770,7.770,,true,true,
held-karp-seq,11,0,20261101,32,32,0.000,1.610,1.610,11264,true,true,
greedy+2opt,11,0,20261101,32,32,0.000,1.144,1.144,661,true,false,
held-karp,11,1,20261102,40,40,0.000,6.888,6.888,,true,true,
held-karp-seq,11,1,20261102,40,40,0.000,1.526,1.526,11264,true,true,
greedy+2opt,11,1,20261102,47,40,17.500,0.689,0.689,496,false,false,
held-karp,11,2,20261103,26,26,0.000,6.927,6.927,,true,true,
held-karp-seq,11,2,20261103,26,26,0.000,1.596,1.596,11264,true,true,
greedy+2opt,11,2,20261103,36,26,38.462,0.608,0.608,331,false,false,
held-karp,12,0,20262101,62,62,0.000,21.094,21.094,,true,true,
held-karp-seq,12,0,20262101,62,62,0.000,5.142,5.142,24576,true,true,
greedy+2opt,12,0,20262101,84,62,35.484,2.152,2.152,793,false,false,
held-karp,12,1,20262102,29,29,0.000,24.901,24.901,,true,true,
held-karp-seq,12,1,20262102,29,29,0.000,3.851,3.851,24576,true,true,
greedy+2opt,12,1,20262102,52,29,79.310,1.976,1.976,991,false,false,
held-karp,12,2,20262103,26,26,0.000,17.316,17.316,,true,true,
held-karp-seq,12,2,20262103,26,26,0.000,4.008,4.008,24576,true,true,
greedy+2opt,12,2,20262103,43,26,65.385,0.736,0.736,397,false,false,